year_december,month_december,STATIONS_ID,temperature_december,year_june,month_june,temperature_june
1996,12,3366,-4.925990752972258,1997,6,16.27305555555556
1998,12,3366,-1.1544822949350064,1999,6,15.699606481481515
1998,12,3287,0.6422981785473398,1999,6,14.825902777777793
1995,12,3023,-1.468154294684908,1996,6,15.60687659180368
1994,12,3023,4.909027777777788,1995,6,14.8692289881917
1994,12,3287,3.125325550067363,1995,6,13.723310185185213
1997,12,3366,0.8322356630824369,1998,6,17.09474912485418
1993,12,3366,2.4830121021963185,1994,6,16.76222737819026
1990,12,3366,-1.782831181252991,1991,6,14.654583333333356
1996,12,3287,-4.3875992063492095,1997,6,14.595046296296315
1998,12,3023,3.283990092321548,1999,6,15.468959810874678
1993,12,3023,4.374932795698943,1994,6,15.214471243042668
1991,12,3287,-0.45028885037550465,1992,6,15.83849620493362
1993,12,3287,2.6650765076507605,1994,6,15.909275700934597
1997,12,3287,1.393297466935662,1998,6,16.279374999999998
1994,12,3366,2.02283535217586,1995,6,14.494441871236706
1996,12,3023,-1.2555583501006038,1997,6,16.167569444444407
1997,12,3023,4.056115591397865,1998,6,15.996620370370346
1995,12,3287,-1.8326384218785106,1996,6,15.371087962962964
1995,12,3366,-1.2314964157706085,1996,6,17.114129273504336
1991,12,3023,2.2130472854640924,1992,6,17.381738248224547
1995,12,691,-1.8316674137158222,1996,6,14.712424663885033
1991,12,1550,-3.736248300860897,1992,6,14.8823903177004
1994,12,348,5.607618173474068,1995,6,15.390020838156953
1996,12,348,-0.025922974767596214,1997,6,16.723570432357068
1993,12,1550,0.3779345878136175,1994,6,15.2383634677793
1998,12,691,1.9104423983831142,1999,6,14.921574074074066
1991,12,348,1.6490825688073363,1992,6,16.97282068279746
1997,12,1550,0.37249103942652245,1998,6,15.686475220009227
1991,12,691,2.644340751375924,1992,6,18.575708678586974
1995,12,1550,-3.0975033738191486,1996,6,15.065023148148152
1994,12,691,4.509266589057031,1995,6,14.555522111599934
1997,12,691,3.2827284946236643,1998,6,15.864620018535673
1996,12,1550,-4.36325935888813,1997,6,14.411116257526679
1994,12,1550,0.27008547008547096,1995,6,12.305092592592574
1996,12,691,-1.6804001159756472,1997,6,16.02664351851849
1998,12,1550,-2.6809694793536765,1999,6,13.381449745252443
1995,12,348,0.26151087200179335,1996,6,16.596296296296302
1996,12,1468,-3.643962950711206,1997,6,12.894328703703708
1994,12,1468,2.2635360533743873,1995,6,11.999074074074072
1997,12,348,3.833986928104583,1998,6,17.602173913043554
1998,12,1468,0.2738233975795631,1999,6,12.843842592592605
1997,12,1468,0.6492607526881696,1998,6,14.493847680476321
1998,12,348,3.264704555705908,1999,6,16.296086150995873
1995,12,1468,-1.3360663082437347,1996,6,14.003101851851882
1993,12,1468,1.4030689964157794,1994,6,14.570848794063044
1993,12,348,4.822033410138245,1994,6,17.254724964739086
1991,12,1468,-2.580949623624777,1992,6,13.727650197170012
1993,12,691,3.890623598026021,1994,6,14.915270364353661
1993,12,5397,2.094060959211115,1994,6,16.31232876712329
1998,12,4466,1.1275078722447165,1999,6,13.937482517482525
1994,12,591,4.338561354019754,1995,6,14.410688615812624
1998,12,591,1.0369223867205062,1999,6,15.227914038775909
1991,12,5397,-1.8212938005390784,1992,6,17.407915157785823
1995,12,591,-3.209440323668242,1996,6,14.742041108986587
1996,12,591,-1.7939964157706056,1997,6,15.954537037037019
1995,12,4466,-2.1982526881720417,1996,6,13.815093902156285
1994,12,5397,2.0436134264474104,1995,6,13.582668532773518
1996,12,2044,-4.381956912028725,1997,6,13.942784340977521
1997,12,4466,2.6669504817387475,1998,6,14.980356729210113
1993,12,4466,2.6375560538116622,1994,6,13.613841151881065
1991,12,4466,2.200894454382825,1992,6,17.228504210004957
1995,12,5397,-2.0771230114272887,1996,6,15.943822843822865
1991,12,591,1.7671076642335777,1992,6,18.660935637663865
1996,12,4466,-1.0727411944869853,1997,6,15.064505672609403
1993,12,591,2.9734648139847586,1994,6,14.734790697674415
1997,12,5397,0.10205499276411,1998,6,16.571332560834236
1996,12,5397,-3.8529121863799296,1997,6,15.279155980414988
1997,12,591,2.1624299484420564,1998,6,15.937638202775826
1997,12,2044,0.5768817204301042,1998,6,14.801296296296282
1998,12,5397,-0.7661359049114188,1999,6,14.758240740740716
1998,12,2044,-0.05414426523297176,1999,6,13.334583139264137
1994,12,2044,2.4583410138248825,1995,6,12.479300764065748
1994,12,4466,3.3905118018228646,1995,6,13.828607888631126
1991,12,2044,-0.3204457652303102,1992,6,16.044590964590952
1993,12,2044,1.5897926994141518,1994,6,14.10974930362119
1995,12,2044,-4.07446236559139,1996,6,13.332337962963033
1996,12,1957,-3.268952164009109,1997,6,16.70050095419842
1997,12,1957,2.279040573862364,1998,6,17.59131591678762
1997,12,3126,2.232240184757504,1998,6,17.00902971216339
1996,12,656,-6.352546296296307,1997,6,12.845324074074037
1995,12,1544,-2.593636154023527,1996,6,15.569790209790208
1995,12,1957,-1.8647546493390117,1996,6,15.787133941430582
1991,12,1544,1.6852525252525206,1992,6,19.54056970220114
1993,12,1544,3.387775229357791,1994,6,15.960855416085563
1991,12,3126,1.8663297394429432,1992,6,19.202365491651214
1993,12,656,0.8351596638655462,1994,6,12.938338361568805
1995,12,656,-4.50555555555556,1996,6,12.397615188701076
1995,12,3126,-2.1571460573476644,1996,6,15.47926741680631
1997,12,1544,2.0279838165880024,1998,6,16.5426484230056
1994,12,656,1.1792639138240535,1995,6,11.463163999072169
1998,12,1957,1.5236942389598755,1999,6,15.969020606621878
1994,12,1544,4.046309334544627,1995,6,14.561458333333364
1991,12,1957,1.1817937438905168,1992,6,19.40720081135903
1993,12,3126,3.216528183247232,1994,6,16.29277248431325
1998,12,3126,1.0698341550874046,1999,6,15.74354166666667
1994,12,3126,3.8841963079693826,1995,6,14.996340898564126
1991,12,656,-1.04786896794646,1992,6,15.377602427921113
1993,12,1957,3.733890646181645,1994,6,16.622482598607874
1998,12,1544,1.0826155226558984,1999,6,15.632545749362945
1996,12,3126,-2.927128136200722,1997,6,16.733881426586393
1994,12,1957,4.52990929705215,1995,6,15.02900162149635
1997,12,656,-0.13369175627240018,1998,6,13.330778138026833
1996,12,1544,-2.4351553640281227,1997,6,16.677037037037035
1998,12,656,-1.0256248592659354,1999,6,12.03320213012273
1995,12,164,-3.956578249336871,1996,6,15.556370387560992
1996,12,3552,-2.444230338337444,1997,6,16.826134259259206
1993,12,2985,2.539914836396238,1994,6,15.859196470041764
1995,12,2985,-2.8716845878136223,1996,6,14.992195922193522
1995,12,3552,-3.1103324348607417,1996,6,15.88352641334567
1998,12,3552,0.5185707885304727,1999,6,15.989584783112937
1998,12,3158,0.9102525631407855,1999,6,16.205392041441012
1996,12,164,-2.991774988794259,1997,6,16.438434822875635
1995,12,3158,-3.597624434389142,1996,6,15.6832321699545
1993,12,164,2.6689840771473627,1994,6,15.382123433435831
1991,12,3552,1.849696969696969,1992,6,19.633020948180857
1994,12,2985,2.0002254283137897,1995,6,13.606139944392918
1994,12,164,3.7083276912660725,1995,6,14.923955628982783
1997,12,3158,1.668885900022417,1998,6,17.508807295416347
1993,12,3158,2.9016584491259496,1994,6,16.04448315911733
1997,12,2985,1.1626795332136437,1998,6,16.44151951672858
1996,12,2985,-4.957209992579765,1997,6,15.5344292660338
1994,12,3158,3.2100541027953087,1995,6,15.250509259259243
1996,12,3158,-3.2848498431196798,1997,6,16.821122112211235
1991,12,2985,-0.8625678119349007,1992,6,17.75205319645363
1997,12,164,1.7626036298454029,1998,6,16.936717062634983
1991,12,3158,1.1901076716016123,1992,6,19.462530004800737
1998,12,164,0.2524652622142497,1999,6,15.963495010443282
1993,12,3552,3.1120824927146544,1994,6,15.694779771614995
1994,12,3552,3.993787575150309,1995,6,15.27759499536606
1998,12,2985,-0.5797124241743411,1999,6,14.531388888888861
1991,12,164,1.210678244543533,1992,6,19.01462461624342
1997,12,3552,1.838933691756274,1998,6,16.85833333333332
1997,12,5467,-3.2054054054054055,1998,6,8.850868256540842
1996,12,4625,-1.6603185284881141,1997,6,16.285369812195682
1996,12,5155,-3.3337365591397807,1997,6,14.827330508474631
1996,12,5467,-1.8447903267301184,1997,6,8.003472222222202
1998,12,4625,1.4946184941889817,1999,6,15.33293107449521
1995,12,853,-2.6010306968406933,1996,6,14.634614494095802
1991,12,5155,-3.8397527163731757,1992,6,15.480187515420669
1995,12,5467,-3.732414874551981,1996,6,8.696502200602337
1997,12,4625,2.0693776679397953,1998,6,16.063693234476375
1998,12,5155,-0.3876205427225861,1999,6,14.730856481481453
1994,12,5155,2.479887766554421,1995,6,13.670856481481458
1997,12,5155,0.9605121293800557,1998,6,16.72151459008798
1998,12,853,0.4997535842293972,1999,6,14.470810185185153
1995,12,5155,-1.7130152329749069,1996,6,16.344745370370347
1993,12,5467,-1.2497647058823524,1994,6,9.647047738693454
1991,12,4625,2.030821606899682,1992,6,18.6584063294716
1993,12,853,2.48245181532946,1994,6,15.611518810961442
1995,12,4625,-3.370167464114846,1996,6,14.980890669180022
1998,12,5467,-3.5119982058757757,1999,6,6.9987476808905225
1996,12,853,-3.706744342370607,1997,6,15.195763888888864
1994,12,4625,3.520312146573154,1995,6,14.367640385706197
1997,12,853,1.522603046594984,1998,6,16.450292397660835
1993,12,5155,2.4407650520597595,1994,6,16.30552845528459
1991,12,853,-0.7786279683377284,1992,6,16.83975592583898
1993,12,4625,2.748207082025996,1994,6,14.948668224299052
1994,12,5467,-1.8120062836624733,1995,6,5.236441982148359
1991,12,5467,-3.5731115107913634,1992,6,8.004192978024758
1994,12,853,3.1259250851305325,1995,6,13.254745370370369
1996,12,4642,-2.494018817204303,1997,6,16.594606481481467
1998,12,198,1.1174322204794993,1999,6,15.856250000000014
1991,12,198,0.3617765814266458,1992,6,17.509795116474912
1997,12,1869,1.319023078646649,1998,6,16.521731037691946
1996,12,1869,-3.1920143562135466,1997,6,15.868237752495913
1991,12,298,2.0645420460632007,1992,6,17.077022953860457
1991,12,1869,1.1737104072398201,1992,6,17.408827404479542
1993,12,1869,2.3217118530136807,1994,6,15.030531692593462
1995,12,298,-2.8024599675098614,1996,6,16.45080402010046
1994,12,1869,3.0953234062354427,1995,6,14.514031025700378
1995,12,198,-2.3648351648351627,1996,6,15.877960602549303
1997,12,298,2.0257960313797847,1998,6,15.352967083912828
1995,12,1869,-4.1427195340501815,1996,6,14.968215928346595
1993,12,4642,3.440103115893287,1994,6,15.733751743375176
1994,12,4642,3.8939183123877963,1995,6,15.14977821586992
1996,12,198,-3.363978494623666,1997,6,16.13319434792681
1993,12,298,2.7352494826396696,1994,6,14.06891263940517
1998,12,298,0.3990143369175657,1999,6,14.770766736159395
1997,12,4642,2.039404121863793,1998,6,16.7054502369668
1994,12,198,3.825109826589584,1995,6,14.71727861771059
1998,12,4642,0.9701392007184582,1999,6,15.535626592541057
1998,12,1869,0.07049842837898863,1999,6,15.600810185185196
1997,12,198,1.8860855926506896,1998,6,17.14475967174683
1993,12,198,3.192908926144099,1994,6,16.532075034738305
1996,12,298,-1.6344835312570039,1997,6,15.398819444444413
1995,12,4642,-3.0563067367415155,1996,6,15.75341514239409
1994,12,298,3.6291657297054094,1995,6,14.199027777777742
1991,12,4642,2.135979836168876,1992,6,19.18488940628634
1994,12,183,3.84850204266909,1995,6,13.499930523390487
1991,12,3811,0.9648503274087934,1992,6,19.377033158813365
1995,12,2925,-2.9743601359003335,1996,6,14.135671296296271
1996,12,1358,-5.706175343700697,1997,6,9.622736744616809
1995,12,3811,-2.1312724014337,1996,6,15.825856481481525
1994,12,1358,-1.6767688147814361,1995,6,7.979374999999953
1998,12,2925,0.516464782413641,1999,6,14.335138888888906
1996,12,2925,-3.3991485547837748,1997,6,14.596154759079022
1998,12,183,0.8453037435552593,1999,6,14.399304911955516
1993,12,3811,3.7406684491978552,1994,6,16.556461324687344
1997,12,2925,1.3894819466247974,1998,6,15.398333333333374
1994,12,3811,4.101254761371263,1995,6,14.814050925925985
1991,12,183,2.645287253141833,1992,6,16.080227057710562
1993,12,183,2.8979664299548125,1994,6,13.100301414328792
1997,12,1358,-2.8144073493165997,1998,6,11.005648148148152
1993,12,2925,2.4103347562345627,1994,6,14.780538158199958
1997,12,183,2.78334829443448,1998,6,14.212618881929991
1998,12,1358,-3.765912147019257,1999,6,8.944151030808412
1995,12,183,-0.6496415770609316,1996,6,13.283819444444427
1991,12,1358,-3.5366868798235926,1992,6,11.892593833780143
1991,12,2925,0.35592912312585423,1992,6,15.990362721736801
1996,12,3811,-3.789401747703339,1997,6,16.429086259009537
1994,12,2925,3.3050011314777015,1995,6,13.181917110442239
1997,12,3811,2.245350660990358,1998,6,17.53479166666662
1993,12,1358,-2.9134856630824393,1994,6,10.193422880963393
1998,12,3811,1.189221422142214,1999,6,15.676759259259274
1996,12,183,-0.08911290322580642,1997,6,14.233163028332536
1995,12,1358,-5.6948689222496185,1996,6,9.892635749242565
1991,12,3513,-2.20613082307506,1992,6,14.216854884246207
1995,12,2932,-2.090501792114687,1996,6,15.87517401392112
1993,12,2932,3.14961814914644,1994,6,16.69848696461824
1998,12,2932,1.1031362007168475,1999,6,15.782839277443264
1993,12,3513,-1.2243249701314187,1994,6,12.732638888888925
1991,12,2932,1.2388568129330257,1992,6,18.259553203997662
1996,12,840,-2.218345323741005,1997,6,11.615082500581003
1995,12,427,-3.2881990413147753,1996,6,16.208272102393988
1997,12,2932,1.9548003589053347,1998,6,17.52724299065422
1993,12,840,-0.8730493273542594,1994,6,12.381170188065946
1997,12,427,1.6918010752688206,1998,6,17.366597173963413
1996,12,2932,-5.789511873350922,1997,6,16.40190078813165
1996,12,3513,-5.376630069460002,1997,6,13.460054595086408
1998,12,840,-2.7320026911863677,1999,6,10.890416666666676
1996,12,427,-3.159740259740259,1997,6,17.17274832137058
1991,12,427,1.3695632597928873,1992,6,19.725622954945912
1994,12,2932,4.147247809481,1995,6,14.735095039406625
1995,12,3513,-5.050843558282215,1996,6,12.473813382727501
1998,12,427,0.2781144781144822,1999,6,16.230196987253745
1995,12,840,-5.00385917400136,1996,6,11.938290479499646
1997,12,3513,-1.4525252525252488,1998,6,13.272437250762371
1994,12,427,3.323938917583639,1995,6,15.221134259259268
1993,12,427,3.1929635336415156,1994,6,16.036705336426913
1997,12,840,-1.4439380332285547,1998,6,13.01877314814817
1991,12,840,-2.8553174390570506,1992,6,13.387333799860041
1994,12,840,-0.25401987353206656,1995,6,9.949201203982408
1994,12,3513,0.23123655913978466,1995,6,10.863998922123402
1998,12,3513,-2.6232078853046503,1999,6,11.308636258393143
1995,12,5779,-5.768244026907885,1996,6,11.612809146056929
1993,12,5546,2.4410635155096028,1994,6,15.200812253423031
1996,12,5779,-5.421710144927543,1997,6,11.959861111111099
1996,12,5546,-3.647992823503025,1997,6,15.982662037037045
1996,12,1757,-2.3369041517170723,1997,6,15.435710747894943
1998,12,1001,0.78945715567519,1999,6,16.01993055555553
1994,12,5779,-0.9317986910404014,1995,6,10.518548613056899
1991,12,1757,1.990442995277713,1992,6,16.961595598349398
1998,12,5779,-3.464363251257622,1999,6,11.090740740740761
1996,12,1001,-3.3709904588823307,1997,6,16.793967517401374
1997,12,1757,1.9449820788530474,1998,6,15.956363636363685
1993,12,1757,2.6849694145062513,1994,6,14.494330855018543
1994,12,5546,2.6700045105999073,1995,6,13.888497217068677
1995,12,1757,-3.3967764540995042,1996,6,14.93226792009399
1993,12,1001,3.4130760499432458,1994,6,16.511201676758272
1998,12,5546,-0.15563522294421075,1999,6,14.927384259259297
1997,12,5779,-2.083833822533313,1998,6,13.05333642261356
1997,12,5546,0.5240227434257245,1998,6,16.10034794711201
1998,12,1757,0.5153466457258274,1999,6,15.66261877172648
1995,12,5546,-3.8440286802599006,1996,6,15.067399861078997
1993,12,5779,-1.293164899616514,1994,6,12.099976263944946
1995,12,1001,-2.649299909665769,1996,6,15.947405828002811
1997,12,1001,1.9321893225661733,1998,6,17.86077283372365
1994,12,1757,3.5874017516281285,1995,6,14.441305857837444
1991,12,1001,0.8174176978753201,1992,6,18.45064516129032
1991,12,5779,-2.940816787003598,1992,6,13.866730630846783
1991,12,5546,0.9150334608030617,1992,6,19.43972731546781
1994,12,1001,4.4325174825174845,1995,6,15.114302656546473
1994,12,596,4.038342318059304,1995,6,13.896735355406344
1996,12,880,-2.915594891328693,1997,6,18.118292682926835
1998,12,5009,0.3927419354838705,1999,6,14.866759323604354
1997,12,596,2.6833333333333367,1998,6,15.133286875725913
1997,12,5009,1.4623879928315417,1998,6,15.963252032520366
1994,12,5009,3.3767560975609507,1995,6,14.388352511928177
1996,12,3231,-4.160080645161292,1997,6,14.62999253916936
1991,12,3231,0.28197309417040306,1992,6,15.804578651685363
1991,12,5009,2.1372455089820366,1992,6,17.29098550724635
1993,12,5009,3.2239986759351162,1994,6,14.502082845775778
1996,12,596,-0.3677419354838686,1997,6,15.305632823365803
1993,12,596,3.418060109289614,1994,6,14.158743042671588
1997,12,3231,0.7579749103942647,1998,6,15.777301182471565
1996,12,5009,-2.307357559443701,1997,6,16.210483506552162
1993,12,880,3.348313561293323,1994,6,17.20491360691144
1994,12,880,3.7789449954914365,1995,6,15.38591760299623
1993,12,3231,1.1640901771336514,1994,6,15.433108579400146
1998,12,3231,-0.40127860026917855,1999,6,14.092286309937492
1991,12,596,2.726270166144962,1992,6,17.402580013063336
1994,12,3231,2.189495040577086,1995,6,13.164964012073376
1995,12,3231,-2.8912446545127155,1996,6,14.541904100069459
1998,12,880,0.9510976702508925,1999,6,16.854052802223276
1997,12,880,2.4013683266038632,1998,6,18.446093206584706
1991,12,880,1.2065335753176023,1992,6,20.201258037461603
1995,12,5009,-3.908232334781612,1996,6,14.776269990592635
1995,12,880,-2.6005586592178798,1996,6,17.053869323447604
1995,12,596,-2.1291590073529445,1996,6,14.120953723279278
1998,12,596,1.791599479843954,1999,6,14.627351225204178
1995,12,4464,-3.5296631245760763,1996,6,16.703336339044192
1991,12,3821,-0.010850942318675838,1992,6,17.30015037593988
1991,12,2794,1.56130771033513,1992,6,18.707276995305197
1995,12,1684,-2.961862678450028,1996,6,15.92101851851856
1997,12,1684,1.3275089605734778,1998,6,17.141707260496386
1994,12,2794,3.2085354896675677,1995,6,15.042178838274292
1994,12,1684,2.5926225820962676,1995,6,14.599791618430185
1998,12,2794,0.19683856502242117,1999,6,15.579953703703712
1993,12,4464,1.7329304446978402,1994,6,14.987057086614133
1998,12,4464,-0.5842741935483926,1999,6,13.861167747914717
1991,12,4464,-0.45815092165898536,1992,6,15.183635496183236
1997,12,4464,0.2925851254480291,1998,6,15.904262219133656
1994,12,4464,2.384579124579126,1995,6,12.747638888888876
1991,12,1684,-0.3342010771992821,1992,6,18.26177020084074
1993,12,2794,2.9191532258064403,1994,6,15.442257765414924
1996,12,1684,-4.397759856630829,1997,6,16.17637923041258
1996,12,2794,-2.327149643705463,1997,6,16.828935185185152
1998,12,1684,-0.29067055393586555,1999,6,15.092275670675305
1997,12,2794,1.5583669807088372,1998,6,16.87769800833718
1995,12,2794,-3.3692911619560446,1996,6,15.767407407407413
1993,12,1684,2.770945340501794,1994,6,16.064605692953766
1996,12,4464,-4.071146953405009,1997,6,14.588415199258575
1994,12,4371,4.681720188636872,1995,6,14.272335495829461
1993,12,867,2.357974910394253,1994,6,16.606396292004614
1993,12,3946,2.4210833895257644,1994,6,15.683736059479582
1997,12,4371,3.2047939068100346,1998,6,15.849895760945124
1991,12,3946,-0.6968885838480939,1992,6,16.142472744142903
1995,12,4271,-2.2444718546759352,1996,6,14.853736237994848
1998,12,867,0.1014211594856799,1999,6,15.15425353462734
1993,12,4271,3.499048877146628,1994,6,14.735470383275258
1996,12,4271,-0.49908112953832323,1997,6,16.065555555555516
1994,12,4271,3.424992150706461,1995,6,14.550763888888822
1997,12,3946,1.237852470110536,1998,6,16.65976345083485
1996,12,4371,-1.7458518345407783,1997,6,15.904953703703619
1997,12,4271,2.6731406810036007,1998,6,16.04724025974024
1998,12,4271,1.4115427801482188,1999,6,15.464504170528311
1997,12,867,1.7809891107078044,1998,6,16.765162037037022
1995,12,4371,-1.7790770609318969,1996,6,15.040648148148112
1993,12,4371,3.815482859063424,1994,6,15.21030401485264
1995,12,867,-1.5645609318996418,1996,6,15.934768518518508
1991,12,4271,2.856611385029141,1992,6,19.228785425101236
1998,12,4371,2.559726580008969,1999,6,15.159791666666676
1994,12,867,2.920813665992363,1995,6,14.265875232774697
1995,12,3946,-2.7383303411131057,1996,6,15.086944444444443
1996,12,867,-1.5344410876132948,1997,6,15.80844907407415
1994,12,3946,2.835226762460709,1995,6,13.35865740740738
1998,12,3946,0.2864810240287464,1999,6,14.752586639879441
1996,12,3946,-4.126525557306918,1997,6,15.162062572421771
1996,12,2014,-2.2505911949685564,1997,6,16.264675925925957
1994,12,1612,3.347417403443457,1995,6,13.901581893404648
1995,12,2559,-1.831327307326352,1996,6,15.543390394674251
1997,12,2014,3.0178106774338205,1998,6,16.386790266512143
1991,12,1612,0.09986531986531616,1992,6,17.98314220183485
1993,12,2014,3.8230970366066326,1994,6,15.400625869262846
1995,12,2014,-2.0515008960573486,1996,6,14.994327390599702
1996,12,222,-3.9353677977681696,1997,6,14.92606074658004
1997,12,222,1.8668832623795653,1998,6,16.697840823499888
1993,12,222,2.885627802690586,1994,6,15.570648060548685
1996,12,1612,-4.016512101334536,1997,6,15.610884668828195
1995,12,222,-2.5685483870967762,1996,6,14.85495689655171
1995,12,1612,-2.5639768786127104,1996,6,13.312079102084432
1998,12,2014,2.4710966542750867,1999,6,15.556620370370378
1994,12,2559,1.9403319874383147,1995,6,12.724326833797585
1998,12,1612,0.7145866009410737,1999,6,14.985134474327607
1997,12,2559,0.9820788530465948,1998,6,15.883893395133223
1993,12,1612,2.2921624418003006,1994,6,16.022385234264085
1996,12,2559,-3.9489187418086473,1997,6,14.392314814814762
1994,12,222,3.352635119982061,1995,6,13.137505795085717
1993,12,2559,2.212096774193553,1994,6,15.437389893370447
1994,12,2014,4.77943023777479,1995,6,14.57570071809125
1998,12,2559,-0.42576879910212945,1999,6,13.620579981290891
1991,12,222,-0.5327678363932162,1992,6,16.213553956834506
1997,12,1612,1.3793682795698923,1998,6,16.806425423335607
1998,12,222,0.655142531356896,1999,6,14.329719712763445
1995,12,1262,-1.424865591397849,1996,6,16.88930555555558
1998,12,3166,-1.1100403406544106,1999,6,12.789745437079748
1996,12,1262,-7.13787276341948,1997,6,15.933247422680394
1993,12,5629,3.252460121321043,1994,6,16.708844639962916
1997,12,1262,1.4490450204638479,1998,6,17.24222222222224
1998,12,5629,0.7105782160466201,1999,6,16.079754459115158
1994,12,3166,1.6242471910112373,1995,6,11.335325923700804
1998,12,1262,-0.16618769645262846,1999,6,15.507668997668986
1993,12,3196,2.659183673469359,1994,6,14.9932404181185
1995,12,5629,-2.578489289740703,1996,6,16.2828009259259
1993,12,3166,1.0593558630074864,1994,6,14.623229778897285
1995,12,3166,-4.071214157706111,1996,6,13.193816581750792
1997,12,3166,-0.07262945527908664,1998,6,14.72780736281545
1995,12,3196,-3.367268351383889,1996,6,15.067315265230507
1994,12,1262,2.6747703338561566,1995,6,14.081574074074044
1997,12,5629,1.6021090419564745,1998,6,17.52009769713887
1993,12,1262,3.2578853046595126,1994,6,16.92319647413594
1996,12,3166,-4.940653153153147,1997,6,13.45486128467884
1994,12,3196,3.4319587628865964,1995,6,14.565987025023157
1998,12,3196,0.5622726251964977,1999,6,15.066227347611223
1996,12,5629,-2.8787387387387406,1997,6,17.322978920546635
1991,12,3166,-1.340004487323325,1992,6,15.255078583157365
1996,12,3196,-5.355726141078848,1997,6,16.112132524498406
1997,12,3196,1.6834901433691845,1998,6,16.236190917516208
1994,12,5629,3.6192090395480125,1995,6,15.127086931491062
1995,12,3028,-1.224976437323281,1996,6,14.890622829358655
1994,12,5158,3.72322551662176,1995,6,13.973348017621124
1991,12,1270,0.17269267364414623,1992,6,17.431056910569108
1993,12,4745,3.1976254480286794,1994,6,14.737960602549276
1994,12,4745,3.8105003365492363,1995,6,14.165322206768666
1998,12,4745,1.288562457950211,1999,6,14.965347222222201
1995,12,5158,-2.4853275705186575,1996,6,15.335896248263042
1994,12,1270,3.271838111298492,1995,6,13.463134398496289
1997,12,3028,3.398027348128221,1998,6,15.896574074074127
1995,12,1270,-3.1975846501128586,1996,6,13.786995654872765
1993,12,1270,2.5966847090663,1994,6,16.40842105263159
1996,12,5158,-2.6783578656853733,1997,6,15.301259881422927
1997,12,4745,2.2295026881720417,1998,6,15.836142625607794
1994,12,3028,4.780372782393904,1995,6,13.986266790180663
1998,12,3028,2.3634102621555,1999,6,15.05048611111109
1993,12,5158,3.0047718322909316,1994,6,15.577339901477831
1998,12,5158,1.194265232974912,1999,6,15.248668673304
1996,12,3028,-1.0341397849462293,1997,6,16.001463754646853
1997,12,5158,3.720355524573023,1998,6,17.07942129629631
1996,12,4745,-1.7666741522569056,1997,6,16.120254629629628
1995,12,4745,-2.7475134408602195,1996,6,14.528002842928183
1991,12,5158,1.7249182624941726,1992,6,18.404734133790715
1996,12,1270,-4.194928186714539,1997,6,15.206709039548008
1998,12,1270,0.34054782218230667,1999,6,14.612238736646539
1997,12,1270,1.1876992143658804,1998,6,16.30282325029659
1993,12,3028,3.963273634096564,1994,6,15.325950834879416
1994,12,399,4.88195187165776,1995,6,16.30852246410375
1993,12,399,2.6500745156482877,1994,6,17.467696424227682
1993,12,3761,4.156733139144077,1994,6,17.435231234022815
1994,12,2601,0.6779124579124635,1995,6,11.235055607043591
1996,12,399,-1.5477257450145674,1997,6,17.653490427098706
1998,12,399,1.6093189964157666,1999,6,17.8026388888889
1998,12,3761,1.899663601704423,1999,6,16.13530092592597
1997,12,2601,-0.42956989247312183,1998,6,13.115433703616173
1995,12,2601,-3.303225806451617,1996,6,12.619055336883529
1991,12,1605,1.475663517768776,1992,6,18.784837922621115
1991,12,399,1.9179358945214755,1992,6,20.909095127610154
1996,12,1605,-3.09689468946895,1997,6,16.739837962962973
1995,12,399,-2.488244047619042,1996,6,17.515258161611477
1997,12,3761,3.5759860050890513,1998,6,17.60166821130675
1998,12,1605,0.8673163082437308,1999,6,15.65246699096594
1992,12,2601,-0.4933377092221852,1993,6,13.024213762118688
1997,12,1605,1.8649749658625379,1998,6,16.875376418809346
1996,12,3761,-2.9493388186894,1997,6,16.333873581847662
1995,12,3761,-9.858839345704415E-4,1996,6,16.77050509731234
1997,12,399,2.7173611111111065,1998,6,18.787137891077638
1994,12,3761,6.066535671100345,1995,6,15.009606481481518
1995,12,1605,-2.907307604475921,1996,6,15.658468677494149
1993,12,2601,-0.18167694768106007,1994,6,13.11220251983199
1998,12,2601,-1.2866344605475075,1999,6,12.088736646539706
1996,12,2601,-5.741844437151298,1997,6,12.026279231303585
1993,12,1605,2.4673829623944803,1994,6,15.960431654676219
1995,12,1694,-3.6262258209626728,1996,6,14.758310185185193
1994,12,3987,3.2888282138794054,1995,6,14.953981481481522
1998,12,3987,0.34015801354401637,1999,6,16.22956441149207
1994,12,1694,3.5743114262339843,1995,6,14.554183082271111
1991,12,1694,1.3330659536541898,1992,6,18.00830502076259
1996,12,1078,-1.4636695421366956,1997,6,16.49680555555552
1998,12,1078,4.115886588658871,1999,6,16.202199074074066
1996,12,5142,-2.9607438942415416,1997,6,16.09441969519342
1994,12,1078,5.709515260323175,1995,6,15.5580361627323
1996,12,1694,-2.173857526881723,1997,6,16.147267253358045
1996,12,3987,-2.995944118972512,1997,6,16.566102088167053
1993,12,1694,2.910773130544987,1994,6,13.94136282127912
1993,12,3987,3.024114746750339,1994,6,15.821657381615653
1993,12,1078,4.779208688906103,1994,6,16.40424003707136
1997,12,3987,1.4739071956960275,1998,6,17.394537037037047
1997,12,1078,4.857011648745514,1998,6,16.69475150952158
1998,12,5142,0.2597580103069689,1999,6,15.888948100092637
1997,12,1694,1.862959600544711,1998,6,16.014837962963004
1997,12,5142,1.4861921867983832,1998,6,16.423470574552262
1995,12,1078,0.1236164015236407,1996,6,16.317523148148094
1998,12,1694,0.5555107526881738,1999,6,15.048467966573853
1995,12,3987,-3.69055392025688,1996,6,16.084958217270195
1995,12,5142,-4.124752697841726,1996,6,15.26752314814812
1994,12,5142,3.341121076233183,1995,6,15.035385534967098
1993,12,5142,2.546288798920359,1994,6,14.9105607476636
1997,12,3815,3.6939040788883846,1998,6,15.86613425925925
1996,12,5705,-2.9381275100401614,1997,6,16.007938424388804
1993,12,3815,4.023499103942654,1994,6,15.442270194986026
1993,12,4501,-1.723502926609633,1994,6,11.882906976744191
1998,12,4501,-2.894573991031396,1999,6,10.591303306181135
1994,12,5705,4.585679012345668,1995,6,15.342870370370424
1995,12,1048,-3.173300673606862,1996,6,12.529547641963417
1994,12,1048,3.748527759046969,1995,6,14.823518518518556
1991,12,1048,0.48936026936026783,1992,6,18.86477826793589
1996,12,1048,-4.506181818181816,1997,6,16.490462962962965
1993,12,1048,3.865223431349865,1994,6,17.041581632653035
1992,12,5705,2.261043052152604,1993,6,16.291963746223573
1993,12,5705,4.758638426626328,1994,6,17.737155432012965
1996,12,4501,-5.3391664799462335,1997,6,11.192313035424839
1997,12,1048,2.0691308243727695,1998,6,17.42631944444444
1998,12,3815,3.0454402515723182,1999,6,15.404236111111109
1998,12,1048,0.6863931853844425,1999,6,15.4596046511628
1995,12,3815,-1.7510080645161286,1996,6,15.257877589015644
1994,12,4501,-0.5933393542560428,1995,6,9.919961333977783
1994,12,3815,4.776329605112998,1995,6,14.746583275422743
1996,12,3815,-3.2615690168818277,1997,6,16.05935185185186
1995,12,4501,-4.96590501792115,1996,6,11.31829353118477
1998,12,5705,1.3862007168458768,1999,6,16.19851851851853
1997,12,4501,-1.845960502693001,1998,6,12.245833333333373
1995,12,5705,-0.7430779569892473,1996,6,17.171451724936357
1997,12,5705,2.6187969924812102,1998,6,17.77512749188685
1994,12,5440,3.3848967684021445,1995,6,14.32541666666669
1995,12,5440,-0.9267697132616509,1996,6,16.966481352791316
1996,12,3,-1.5137896825396853,1997,6,15.980277777777783
1995,12,3,0.21672270791302228,1996,6,16.29357904496985
1997,12,2638,0.2618664521319381,1998,6,14.30862108922363
1994,12,2638,1.114652602614084,1995,6,11.236273148148182
1998,12,1420,2.479012345679008,1999,6,17.340000000000032
1995,12,1420,0.3178619453160026,1996,6,17.666210892236386
1997,12,4024,1.9378451178451224,1998,6,15.154768518518493
1997,12,1420,3.727246246919126,1998,6,18.356960852443862
1993,12,4024,2.38201793721971,1994,6,13.869016697588096
1993,12,2638,0.5719651855245029,1994,6,13.936716209939604
1994,12,1420,5.177195828505206,1995,6,16.383125000000028
1997,12,3,4.879690305206451,1998,6,16.427780362959503
1998,12,5440,0.706048387096777,1999,6,15.47249999999999
1995,12,4024,-2.632688848920861,1996,6,13.73993231810488
1993,12,5440,3.2643001572680257,1994,6,17.129839273235522
1995,12,2638,-1.3078181003584213,1996,6,13.1286781757279
1998,12,3,4.4699349338119845,1999,6,15.390521552750634
1996,12,2638,-1.8514228097692182,1997,6,12.460820895522387
1994,12,3,5.726672653794354,1995,6,14.669513888888847
1991,12,4024,1.9604570637119108,1992,6,17.383826164874534
1994,12,4024,3.4878912262698747,1995,6,14.034214285714276
1998,12,2638,0.07804440457501677,1999,6,12.182284652890608
1996,12,4024,-1.4793319883434233,1997,6,14.940868544600928
1993,12,1420,4.600067219359178,1994,6,18.277155897189544
1998,12,4024,0.37437997724687216,1999,6,14.421219065077901
1993,12,3,4.9020242914979555,1994,6,16.520957249070666
1996,12,1420,-0.8070004531037654,1997,6,17.24516203703705
1997,12,5440,1.6836852762510817,1998,6,17.296222479721884
1996,12,5440,-3.25291218637992,1997,6,16.165717592592596
1993,12,5906,5.079901190208828,1994,6,18.225574912891975
1994,12,5490,4.064057579847051,1995,6,14.117700301709698
1998,12,3015,0.2638359847636137,1999,6,16.11723163841807
1998,12,2712,1.299842731970345,1999,6,15.847117388284277
1993,12,5490,3.1935929363821645,1994,6,15.5634070158578
1996,12,2712,-0.739613743543687,1997,6,16.387430555555543
1995,12,3015,-3.442435048395318,1996,6,15.84043224866438
1994,12,2712,3.977917414721729,1995,6,15.214120370370384
1993,12,2712,3.838539099260586,1994,6,17.2775685727568
1998,12,5906,2.6255886970172715,1999,6,17.622569444444448
1997,12,2712,2.8175930076199025,1998,6,18.120784040825846
1997,12,5906,3.825409284592958,1998,6,18.82359498374359
1997,12,3015,1.4604166666666638,1998,6,17.323842592592626
1994,12,5906,5.374815146762289,1995,6,16.38552235348623
1995,12,2712,0.29397401433691683,1996,6,18.251018518518517
1996,12,3015,-3.358064516129036,1997,6,16.974111085289316
1997,12,5490,2.290210573476701,1998,6,16.544702063528845
1996,12,5906,-0.3011651355590379,1997,6,17.361076254826287
1998,12,5490,1.4571874250060017,1999,6,15.226249999999958
1991,12,5490,2.0328893905191836,1992,6,16.31623589370222
1994,12,3015,2.906119402985076,1995,6,14.681320495185698
1993,12,3015,2.1790322580645074,1994,6,15.719035202086037
1995,12,5906,0.8737387387387395,1996,6,17.88213623725668
1998,12,5029,1.3075492831541207,1999,6,15.031342592592592
1995,12,3093,-2.9421987410071857,1996,6,14.928746814917783
1993,12,3631,3.8422671156004355,1994,6,14.404808362369343
1994,12,3631,5.188327721661069,1995,6,13.450071701720832
1995,12,5029,-0.5511424731182796,1996,6,16.21549328392775
1997,12,2667,4.406294802867365,1998,6,16.69562398703403
1993,12,2667,4.962236628849271,1994,6,16.68195541105435
1994,12,5029,3.7630586121715397,1995,6,14.40269266480965
1998,12,2667,3.5782384580905378,1999,6,15.631087962962923
1998,12,5426,0.7766591928251094,1999,6,14.700463929482662
1994,12,2667,5.393376740009001,1995,6,15.105856481481531
1993,12,5426,1.9983955938697282,1994,6,15.882417072604952
1997,12,5426,1.456787076508866,1998,6,15.768511229451248
1996,12,5426,-4.034390820114753,1997,6,14.330763888888859
1996,12,2667,-0.3109543010752847,1997,6,16.254446503010634
1995,12,3631,-1.3222222222222237,1996,6,14.701600241545881
1998,12,3631,3.2245499549955077,1999,6,14.410138888888877
1998,12,3093,1.43810296846011,1999,6,15.28324074074074
1993,12,3093,3.4912760708679027,1994,6,15.463885661166602
1997,12,3631,3.683333333333345,1998,6,15.36752314814816
1995,12,2667,0.22338709677419707,1996,6,16.111952744961684
1996,12,3093,-3.8886823763690677,1997,6,16.263240740740805
1997,12,3093,2.295422773393468,1998,6,16.279967539995372
1996,12,3631,0.24369158878504663,1997,6,15.204330708661445
1993,12,5029,2.540138808559862,1994,6,16.399581784386633
1997,12,5029,2.211267921146947,1998,6,16.087867561935592
1996,12,5029,-3.265639496355199,1997,6,14.987638888888938
1995,12,5426,-1.6673387096774193,1996,6,15.352754629629638
1994,12,3093,3.953977528089895,1995,6,14.578690807799454
1994,12,5426,2.974837407490452,1995,6,13.376042632066703
1996,12,303,-4.984353091140857,1997,6,16.99476851851846
1993,12,303,3.4822681849872144,1994,6,15.555825097334536
1998,12,460,1.5743036837376507,1999,6,15.301968048159289
1997,12,460,2.4746245236494007,1998,6,16.43134883720936
1997,12,2290,0.9671857368539823,1998,6,14.8190740740741
1993,12,3098,1.2504693140794223,1994,6,14.435198135198128
1997,12,3098,2.437253584229396,1998,6,14.62055555555558
1994,12,460,4.149651763648617,1995,6,14.671183294663567
1998,12,1691,1.6013664874551965,1999,6,14.921087962962918
1994,12,303,3.786749879980782,1995,6,15.133794089609136
1995,12,1691,-1.827335872731353,1996,6,14.595990730011613
1996,12,3098,-3.480125661375662,1997,6,14.442268518518489
1994,12,1691,4.451407340689036,1995,6,13.76605653382763
1996,12,1691,-4.9963966942148765,1997,6,15.053611111111083
1995,12,3098,-1.553158602150537,1996,6,14.161550925925887
1995,12,2290,-1.8032482078853012,1996,6,14.211556276053718
1998,12,3098,1.7858232391206819,1999,6,13.851292200232812
1997,12,303,1.9044130824372718,1998,6,17.63027777777775
1995,12,460,-0.1374719856566572,1996,6,16.43432939541355
1995,12,303,-2.9691255605381204,1996,6,15.983406720741584
1993,12,1691,4.181393992417609,1994,6,15.753065490013936
1994,12,3098,3.7105628742514907,1995,6,13.116114841398455
1998,12,2290,0.13409498207885368,1999,6,12.462777777777777
1993,12,2290,1.0942001870907305,1994,6,14.296888785697732
1996,12,2290,-1.2485439068100321,1997,6,12.823593424403768
1998,12,303,0.656643513331841,1999,6,16.074629286376307
1993,12,460,2.722864828513783,1994,6,16.64539122358952
1997,12,1691,2.5415664018161217,1998,6,15.986011834319536
1994,12,2290,1.2199416123961264,1995,6,10.225649516046854
1997,12,5349,1.128680259914852,1998,6,16.512106481481492
1994,12,4104,2.514038634321642,1995,6,14.601574438527434
1996,12,4104,-3.810282258064514,1997,6,16.531782407407448
1994,12,5349,3.281883408071749,1995,6,14.86132428638274
1998,12,4104,-0.6946908602150562,1999,6,16.057056216468375
1997,12,4104,1.359341397849462,1998,6,17.818124999999974
1995,12,5349,-3.757956073509645,1996,6,16.05312020460353
1996,12,5349,-1.4773894862604569,1997,6,16.24682870370371
1995,12,4104,-1.3311280556178553,1996,6,17.379522816770873
1998,12,5349,0.38255214173581387,1999,6,15.783981481481499
